{"cameraMode":{"drawMode":0,"name":"Shaded","section":"Shading Mode"},"sceneLighting":false,"audioPlay":false,"sceneViewState":{"m_AlwaysRefresh":false,"showFog":true,"showSkybox":false,"showFlares":true,"showImageEffects":true,"showParticleSystems":true,"showVisualEffectGraphs":true,"m_FxEnabled":true},"in2DMode":false,"pivot":{"x":0.0000067549431150837339,"y":-0.000011432039173087105,"z":-0.0000027615533326752485},"rotation":{"x":0.11261328309774399,"y":0.010284778662025929,"z":-0.0025160405784845354,"w":0.9941452145576477},"size":0.000017320508050033823,"orthographic":false}