{"cameraMode":{"drawMode":0,"name":"Shaded","section":"Shading Mode"},"sceneLighting":true,"audioPlay":false,"sceneViewState":{"m_AlwaysRefresh":false,"showFog":true,"showSkybox":false,"showFlares":true,"showImageEffects":true,"showParticleSystems":true,"showVisualEffectGraphs":true,"m_FxEnabled":true},"in2DMode":false,"pivot":{"x":-0.593399167060852,"y":-3.444498062133789,"z":10.43576431274414},"rotation":{"x":0.19235388934612275,"y":-0.054469864815473559,"z":0.010607060976326466,"w":0.9800046682357788},"size":10.578777313232422,"orthographic":false}