{"cameraMode":{"drawMode":0,"name":"Shaded","section":"Shading Mode"},"sceneLighting":false,"audioPlay":false,"sceneViewState":{"m_AlwaysRefresh":false,"showFog":true,"showSkybox":false,"showFlares":true,"showImageEffects":true,"showParticleSystems":true,"showVisualEffectGraphs":true,"m_FxEnabled":true},"in2DMode":false,"pivot":{"x":10.645000457763672,"y":1.3040000200271607,"z":-0.3330000042915344},"rotation":{"x":-0.023086532950401307,"y":-0.972315788269043,"z":0.11633392423391342,"w":-0.2040526419878006},"size":0.03535505384206772,"orthographic":false}