{"cameraMode":{"drawMode":0,"name":"Shaded","section":"Shading Mode"},"sceneLighting":false,"audioPlay":false,"sceneViewState":{"m_AlwaysRefresh":false,"showFog":true,"showSkybox":false,"showFlares":true,"showImageEffects":true,"showParticleSystems":true,"showVisualEffectGraphs":true,"m_FxEnabled":true},"in2DMode":false,"pivot":{"x":-0.023357152938842775,"y":1.166367530822754,"z":2.779134750366211},"rotation":{"x":-0.023086532950401307,"y":-0.972315788269043,"z":0.11633392423391342,"w":-0.2040526419878006},"size":1.7903207540512086,"orthographic":false}