{"cameraMode":{"drawMode":0,"name":"Shaded","section":"Shading Mode"},"sceneLighting":false,"audioPlay":false,"sceneViewState":{"m_AlwaysRefresh":false,"showFog":true,"showSkybox":false,"showFlares":true,"showImageEffects":true,"showParticleSystems":true,"showVisualEffectGraphs":true,"m_FxEnabled":true},"in2DMode":false,"pivot":{"x":2.6541571617126467,"y":2.0822911262512209,"z":4.492058753967285},"rotation":{"x":-0.07669377326965332,"y":-0.5240251421928406,"z":0.047452643513679507,"w":-0.8469180464744568},"size":6.160275459289551,"orthographic":false}