{"cameraMode":{"drawMode":0,"name":"Shaded","section":"Shading Mode"},"sceneLighting":false,"audioPlay":false,"sceneViewState":{"m_AlwaysRefresh":false,"showFog":true,"showSkybox":false,"showFlares":true,"showImageEffects":true,"showParticleSystems":true,"showVisualEffectGraphs":true,"m_FxEnabled":true},"in2DMode":false,"pivot":{"x":-0.4385746121406555,"y":-0.26839786767959597,"z":0.0530216284096241},"rotation":{"x":0.19519132375717164,"y":-0.6686357259750366,"z":0.18851757049560548,"w":0.692310094833374},"size":0.41965577006340029,"orthographic":false}